{
    "tenure": 1.347613,
    "MonthlyCharges": 0.851551,
    "InternetService_Fiber optic": 0.727745,
    "TotalCharges": 0.639028,
    "Contract_Two year": 0.602591
}